{
  "accuracy": [
    0.017495395615696907,
    0.07473910599946976,
    0.16052792966365814,
    0.26104971766471863,
    0.3770718276500702,
    0.48173725605010986,
    0.5827194452285767,
    0.6612952947616577,
    0.7404849529266357,
    0.8000307083129883,
    0.833486795425415,
    0.8480662703514099,
    0.876918375492096,
    0.8862799406051636,
    0.8961018919944763,
    0.8987108469009399,
    0.9656230807304382,
    0.9877225160598755,
    0.9915592670440674,
    0.9929404258728027,
    0.9950889945030212,
    0.9960098266601562,
    0.9944751262664795,
    0.996623694896698,
    0.9976979494094849,
    0.9955494403839111,
    0.9973910450935364,
    0.9972375631332397,
    0.9980049133300781,
    0.9970840811729431,
    0.9978514313697815,
    0.9980049133300781,
    0.9989257454872131,
    0.9987722635269165,
    0.9986187815666199,
    0.9995396137237549,
    0.9992326498031616,
    0.9993861317634583,
    0.9998465180397034,
    1.0
  ],
  "loss": [
    6.82627534866333,
    5.088069438934326,
    4.023414611816406,
    3.265319585800171,
    2.6689608097076416,
    2.2198503017425537,
    1.821262240409851,
    1.518117904663086,
    1.2435959577560425,
    1.0422347784042358,
    0.9034458994865417,
    0.8391262292861938,
    0.7519649863243103,
    0.6977971196174622,
    0.6504753828048706,
    0.6490472555160522,
    0.4383717179298401,
    0.355491578578949,
    0.32717519998550415,
    0.30099594593048096,
    0.282204806804657,
    0.265269011259079,
    0.25373557209968567,
    0.23770935833454132,
    0.22040210664272308,
    0.2220492660999298,
    0.2022140771150589,
    0.19066700339317322,
    0.1809791475534439,
    0.17257250845432281,
    0.16447676718235016,
    0.15746042132377625,
    0.14897365868091583,
    0.14243453741073608,
    0.13621796667575836,
    0.13266640901565552,
    0.1265726536512375,
    0.12344237416982651,
    0.12169193476438522,
    0.11982547491788864
  ],
  "top_5_accuracy": [
    0.06844689697027206,
    0.24647022783756256,
    0.4432167112827301,
    0.6364334225654602,
    0.7631982564926147,
    0.8496009707450867,
    0.9100674986839294,
    0.9490485191345215,
    0.9732965230941772,
    0.9837323427200317,
    0.9918661713600159,
    0.9940147399902344,
    0.993247389793396,
    0.9943216443061829,
    0.9960098266601562,
    0.9946286082267761,
    0.9993861317634583,
    1.0,
    1.0,
    1.0,
    1.0,
    1.0,
    1.0,
    1.0,
    1.0,
    1.0,
    1.0,
    1.0,
    1.0,
    1.0,
    1.0,
    1.0,
    1.0,
    1.0,
    1.0,
    1.0,
    1.0,
    1.0,
    1.0,
    1.0
  ],
  "val_accuracy": [
    0.020884521305561066,
    0.11609336733818054,
    0.2119164615869522,
    0.25859951972961426,
    0.3046683073043823,
    0.35319411754608154,
    0.3617936074733734,
    0.39004912972450256,
    0.374078631401062,
    0.40417689085006714,
    0.43980345129966736,
    0.4367321729660034,
    0.4502457082271576,
    0.4606879651546478,
    0.4318181872367859,
    0.45945945382118225,
    0.5386977791786194,
    0.5436117649078369,
    0.5472972989082336,
    0.5577395558357239,
    0.5509827733039856,
    0.5558968186378479,
    0.5589680671691895,
    0.5589680671691895,
    0.5583537817001343,
    0.5608108043670654,
    0.5583537817001343,
    0.5614250898361206,
    0.5565110445022583,
    0.560196578502655,
    0.562039315700531,
    0.5651105642318726,
    0.5687960982322693,
    0.5595822930335999,
    0.560196578502655,
    0.5626535415649414,
    0.5644963383674622,
    0.5675675868988037,
    0.5687960982322693,
    0.5626535415649414
  ],
  "val_loss": [
    7.026200294494629,
    4.516177654266357,
    3.56827449798584,
    3.3091440200805664,
    3.0533227920532227,
    2.971447467803955,
    2.879955291748047,
    2.8772482872009277,
    2.994260787963867,
    2.9145236015319824,
    2.773427963256836,
    2.8537259101867676,
    2.7999794483184814,
    2.8007657527923584,
    3.14441180229187,
    2.8767738342285156,
    2.263934850692749,
    2.1797332763671875,
    2.1442744731903076,
    2.1077871322631836,
    2.103139877319336,
    2.0480780601501465,
    2.05207896232605,
    2.019948720932007,
    1.9967750310897827,
    1.96217679977417,
    1.9395256042480469,
    1.9470957517623901,
    1.9276340007781982,
    1.9281115531921387,
    1.9108420610427856,
    1.9285913705825806,
    1.940252423286438,
    1.9267351627349854,
    1.9153797626495361,
    1.9365512132644653,
    1.899904727935791,
    1.8895879983901978,
    1.879563570022583,
    1.8804059028625488
  ],
  "val_top_5_accuracy": [
    0.09459459781646729,
    0.3421376049518585,
    0.5663390755653381,
    0.6081081032752991,
    0.6744471788406372,
    0.6934889554977417,
    0.7174447178840637,
    0.7168304920196533,
    0.7291154861450195,
    0.7340294718742371,
    0.7549139857292175,
    0.7696560025215149,
    0.7708845138549805,
    0.7635135054588318,
    0.7131449580192566,
    0.7616707682609558,
    0.8218673467636108,
    0.8206388354301453,
    0.8243243098258972,
    0.8261670470237732,
    0.8292383551597595,
    0.8273955583572388,
    0.8249385952949524,
    0.8237100839614868,
    0.8230957984924316,
    0.8206388354301453,
    0.8187960982322693,
    0.8249385952949524,
    0.8255528211593628,
    0.8224815726280212,
    0.8261670470237732,
    0.8255528211593628,
    0.8237100839614868,
    0.8249385952949524,
    0.8273955583572388,
    0.8286240696907043,
    0.8267813324928284,
    0.8267813324928284,
    0.828009843826294,
    0.8286240696907043
  ],
  "learning_rate": [
    0.0010000000474974513,
    0.0010000000474974513,
    0.0010000000474974513,
    0.0010000000474974513,
    0.0010000000474974513,
    0.0010000000474974513,
    0.0010000000474974513,
    0.0010000000474974513,
    0.0010000000474974513,
    0.0010000000474974513,
    0.0010000000474974513,
    0.0010000000474974513,
    0.0010000000474974513,
    0.0010000000474974513,
    0.0010000000474974513,
    0.0010000000474974513,
    0.00020000000949949026,
    0.00020000000949949026,
    0.00020000000949949026,
    0.00020000000949949026,
    0.00020000000949949026,
    0.00020000000949949026,
    0.00020000000949949026,
    0.00020000000949949026,
    0.00020000000949949026,
    9.999999747378752e-05,
    9.999999747378752e-05,
    9.999999747378752e-05,
    9.999999747378752e-05,
    9.999999747378752e-05,
    9.999999747378752e-05,
    9.999999747378752e-05,
    9.999999747378752e-05,
    9.999999747378752e-05,
    9.999999747378752e-05,
    9.999999747378752e-05,
    1.9999999494757503e-05,
    1.9999999494757503e-05,
    1.9999999494757503e-05,
    1.9999999494757503e-05
  ]
}