{
  "accuracy": [
    0.01734192669391632,
    0.07857581228017807,
    0.17648863792419434,
    0.27977287769317627,
    0.3879680931568146,
    0.49355432391166687,
    0.5857888460159302,
    0.6806322932243347,
    0.7573664784431458,
    0.8147636651992798,
    0.8416206240653992,
    0.8686310648918152,
    0.9476673007011414,
    0.9792817831039429,
    0.9861878156661987,
    0.9878759980201721,
    0.9940147399902344,
    0.9947820901870728,
    0.9955494403839111,
    0.9969306588172913,
    0.9967771768569946,
    0.9967771768569946,
    0.9973910450935364,
    0.9960098266601562,
    0.9980049133300781,
    0.9915592670440674,
    0.9940147399902344,
    0.9960098266601562,
    0.9958563446998596,
    0.996623694896698,
    0.9973910450935364,
    0.9984652996063232,
    0.9980049133300781,
    0.9980049133300781,
    0.999079167842865,
    0.9989257454872131,
    0.9993861317634583,
    0.9989257454872131,
    0.9993861317634583,
    1.0,
    0.9992326498031616,
    0.9987722635269165,
    0.9993861317634583,
    0.9996930360794067,
    0.9996930360794067,
    0.9996930360794067,
    0.9996930360794067,
    0.999079167842865,
    0.9993861317634583,
    0.9995396137237549
  ],
  "loss": [
    6.771748065948486,
    5.047821998596191,
    3.944247007369995,
    3.2139837741851807,
    2.645972490310669,
    2.1813104152679443,
    1.805838704109192,
    1.4518650770187378,
    1.184478759765625,
    1.005082368850708,
    0.9006854891777039,
    0.7777769565582275,
    0.5433382987976074,
    0.42799443006515503,
    0.3896224796772003,
    0.36527881026268005,
    0.332843154668808,
    0.3126131594181061,
    0.2945893704891205,
    0.27596792578697205,
    0.2610478103160858,
    0.24792583286762238,
    0.23412828147411346,
    0.22325770556926727,
    0.2102055847644806,
    0.32266131043434143,
    0.2889212965965271,
    0.265556275844574,
    0.25359731912612915,
    0.23888418078422546,
    0.22571159899234772,
    0.21327026188373566,
    0.20109349489212036,
    0.1942116916179657,
    0.1832643449306488,
    0.17616620659828186,
    0.16751928627490997,
    0.16206412017345428,
    0.1573021560907364,
    0.1556084007024765,
    0.15371748805046082,
    0.15321236848831177,
    0.1498422473669052,
    0.1487729251384735,
    0.14520402252674103,
    0.14353559911251068,
    0.14252762496471405,
    0.14257268607616425,
    0.13864974677562714,
    0.13765949010849
  ],
  "top_5_accuracy": [
    0.0736648216843605,
    0.2589011788368225,
    0.47866788506507874,
    0.640423595905304,
    0.7661141753196716,
    0.8563535809516907,
    0.9197360277175903,
    0.952731728553772,
    0.9749846458435059,
    0.9878759980201721,
    0.988950252532959,
    0.9946286082267761,
    0.9989257454872131,
    1.0,
    1.0,
    1.0,
    1.0,
    1.0,
    1.0,
    1.0,
    1.0,
    1.0,
    1.0,
    1.0,
    1.0,
    1.0,
    1.0,
    1.0,
    1.0,
    1.0,
    0.9998465180397034,
    1.0,
    1.0,
    1.0,
    1.0,
    1.0,
    1.0,
    1.0,
    1.0,
    1.0,
    1.0,
    1.0,
    1.0,
    1.0,
    1.0,
    1.0,
    1.0,
    1.0,
    1.0,
    1.0
  ],
  "val_accuracy": [
    0.04238329082727432,
    0.11363636702299118,
    0.23525798320770264,
    0.2702702581882477,
    0.3200245797634125,
    0.36609336733818054,
    0.4115478992462158,
    0.39619165658950806,
    0.4004913866519928,
    0.40847665071487427,
    0.4176904261112213,
    0.46683046221733093,
    0.5651105642318726,
    0.5577395558357239,
    0.5651105642318726,
    0.5730957984924316,
    0.5687960982322693,
    0.5565110445022583,
    0.5675675868988037,
    0.5663390755653381,
    0.5595822930335999,
    0.5663390755653381,
    0.5589680671691895,
    0.5663390755653381,
    0.5577395558357239,
    0.5534397959709167,
    0.5558968186378479,
    0.5589680671691895,
    0.562039315700531,
    0.5558968186378479,
    0.565724790096283,
    0.5632678270339966,
    0.5626535415649414,
    0.5614250898361206,
    0.5614250898361206,
    0.5589680671691895,
    0.5522112846374512,
    0.5663390755653381,
    0.5632678270339966,
    0.563882052898407,
    0.5614250898361206,
    0.5681818127632141,
    0.5663390755653381,
    0.5644963383674622,
    0.562039315700531,
    0.5669533014297485,
    0.565724790096283,
    0.5694103240966797,
    0.5681818127632141,
    0.5644963383674622
  ],
  "val_loss": [
    5.9805684089660645,
    4.509409427642822,
    3.476167678833008,
    3.304999351501465,
    2.955288887023926,
    2.8202202320098877,
    2.6381661891937256,
    2.9440996646881104,
    2.9115779399871826,
    2.8211891651153564,
    3.0155375003814697,
    2.787198543548584,
    2.106980800628662,
    2.056692123413086,
    1.9893618822097778,
    1.9901232719421387,
    1.9769206047058105,
    1.978101134300232,
    1.9319913387298584,
    1.9249050617218018,
    1.9193627834320068,
    1.9176932573318481,
    1.8972139358520508,
    1.917704701423645,
    1.9154446125030518,
    1.9276384115219116,
    1.9191086292266846,
    1.9025453329086304,
    1.906655192375183,
    1.895972728729248,
    1.887917399406433,
    1.8709125518798828,
    1.9068249464035034,
    1.8974782228469849,
    1.8865677118301392,
    1.8951921463012695,
    1.8865959644317627,
    1.8478764295578003,
    1.8488396406173706,
    1.8468667268753052,
    1.8501060009002686,
    1.8490486145019531,
    1.841317892074585,
    1.840737223625183,
    1.8359602689743042,
    1.8384920358657837,
    1.8373373746871948,
    1.8322551250457764,
    1.837145447731018,
    1.8355951309204102
  ],
  "val_top_5_accuracy": [
    0.1498771458864212,
    0.3550368547439575,
    0.5792383551597595,
    0.6111793518066406,
    0.6775184273719788,
    0.7235872149467468,
    0.7542997598648071,
    0.7211301922798157,
    0.7475429773330688,
    0.7585995197296143,
    0.7334152460098267,
    0.7628992795944214,
    0.8286240696907043,
    0.8237100839614868,
    0.8372235894203186,
    0.8298525810241699,
    0.8329238295555115,
    0.8390663266181946,
    0.8316953182220459,
    0.8353808522224426,
    0.8366093635559082,
    0.8329238295555115,
    0.8335380554199219,
    0.8298525810241699,
    0.828009843826294,
    0.8304668068885803,
    0.8329238295555115,
    0.8347665667533875,
    0.8304668068885803,
    0.8390663266181946,
    0.8384521007537842,
    0.8304668068885803,
    0.8286240696907043,
    0.828009843826294,
    0.8298525810241699,
    0.8286240696907043,
    0.8347665667533875,
    0.8347665667533875,
    0.834152340888977,
    0.8298525810241699,
    0.8292383551597595,
    0.8298525810241699,
    0.8286240696907043,
    0.8292383551597595,
    0.8304668068885803,
    0.8310810923576355,
    0.8310810923576355,
    0.8304668068885803,
    0.8304668068885803,
    0.8323096036911011
  ],